Extracted:,"United Nations High Commissioner for Refugees"
"Date extracted:","22/07/2023 17:55 UTC"
"Last updated:","16 June 2022"
"Some data presented may differ from statistics published previously due to retroactive changes or the inclusion of previously unavailable data."

"Data table contains the following:","Population figures"
"Content type","End year stock population totals"
"Data quick link",https://www.unhcr.org/refugee-statistics/download/?url=H9ihDu
"Data definitions",https://www.unhcr.org/refugee-statistics/methodology/
"Usage licence",https://creativecommons.org/licenses/by/4.0/
"Population types included","REF,ROC,ASY,IDP,IOC,OIP,OOC,STA"
Years:
Origin:,all
"Country of asylum:"
Year,"Country of origin","Country of origin (ISO)","Country of asylum","Country of asylum (ISO)","Refugees under UNHCR's mandate",Asylum-seekers,"IDPs of concern to UNHCR","Other people in need of international protection","Stateless persons","Host Community","Others of concern"
2016,Afghanistan,AFG,-,-,2501447,369072,1797551,-,0,-,114221
2016,Albania,ALB,-,-,11060,23760,0,-,0,-,0
2016,Algeria,DZA,-,-,3705,7177,0,-,0,-,7
2016,Andorra,AND,-,-,0,5,0,-,0,-,0
2016,Angola,AGO,-,-,8388,4767,0,-,0,-,19957
2016,"Antigua and Barbuda",ATG,-,-,82,30,0,-,0,-,0
2016,Egypt,EGY,-,-,19792,13026,0,-,0,-,111
2016,Argentina,ARG,-,-,120,219,0,-,0,-,0
2016,Armenia,ARM,-,-,10707,13092,0,-,0,-,12
2016,Australia,AUS,-,-,15,10,0,-,0,-,0
2016,Austria,AUT,-,-,0,5,0,-,0,-,0
2016,Azerbaijan,AZE,-,-,10118,8098,613129,-,0,-,0
2016,Bahrain,BHR,-,-,461,118,0,-,0,-,0
2016,Barbados,BRB,-,-,144,44,0,-,0,-,0
2016,Burundi,BDI,-,-,408066,24395,141221,-,0,-,164066
2016,Belgium,BEL,-,-,44,20,0,-,0,-,0
2016,Benin,BEN,-,-,479,1145,0,-,0,-,6
2016,Bangladesh,BGD,-,-,13842,25929,0,-,0,-,15
2016,Bahamas,BHS,-,-,298,119,0,-,0,-,0
2016,Bhutan,BTN,-,-,11757,277,0,-,0,-,0
2016,"Burkina Faso",BFA,-,-,2352,4195,0,-,0,-,0
2016,Belarus,BLR,-,-,3831,1985,0,-,0,-,0
2016,"Bolivia (Plurinational State of)",BOL,-,-,530,411,0,-,0,-,0
2016,Botswana,BWA,-,-,265,127,0,-,0,-,0
2016,Brazil,BRA,-,-,803,3760,0,-,0,-,0
2016,"Brunei Darussalam",BRN,-,-,0,5,0,-,0,-,0
2016,"Bosnia and Herzegovina",BIH,-,-,18194,3108,98324,-,0,-,52437
2016,Bulgaria,BGR,-,-,799,258,0,-,0,-,0
2016,Belize,BLZ,-,-,58,160,0,-,0,-,0
2016,Cambodia,KHM,-,-,12428,380,0,-,0,-,0
2016,Canada,CAN,-,-,76,54,0,-,0,-,0
2016,"Central African Rep.",CAF,-,-,490879,10603,411785,-,0,-,21010
2016,"Cayman Islands",CYM,-,-,6,0,0,-,0,-,0
2016,Chad,TCD,-,-,14176,3178,124342,-,0,-,16718
2016,China,CHN,-,-,207768,72165,0,-,0,-,0
2016,Chile,CHL,-,-,495,200,0,-,0,-,0
2016,Cameroon,CMR,-,-,10344,10943,198889,-,0,-,27
2016,Congo,COG,-,-,13291,4346,15303,-,0,-,99
2016,"Dem. Rep. of the Congo",COD,-,-,537474,82709,2232900,-,0,-,9473
2016,Comoros,COM,-,-,572,226,0,-,0,-,0
2016,Colombia,COL,-,-,311059,12581,7410816,-,0,-,0
2016,"Costa Rica",CRI,-,-,202,312,0,-,0,-,0
2016,Cuba,CUB,-,-,5940,5025,0,-,0,-,0
2016,"Curacao ",CUW,-,-,35,0,0,-,0,-,0
2016,"Cabo Verde",CPV,-,-,10,98,0,-,0,-,0
2016,Cyprus,CYP,-,-,0,5,0,-,0,-,0
2016,Czechia,CZE,-,-,1266,233,0,-,0,-,0
2016,Denmark,DNK,-,-,0,5,0,-,0,-,0
2016,Djibouti,DJI,-,-,1437,831,0,-,0,-,0
2016,Dominica,DMA,-,-,20,126,0,-,0,-,0
2016,"Dominican Rep.",DOM,-,-,359,2354,0,-,0,-,0
2016,Ecuador,ECU,-,-,1041,13682,0,-,0,-,0
2016,"Equatorial Guinea",GNQ,-,-,131,100,0,-,0,-,0
2016,Eritrea,ERI,-,-,457247,67694,0,-,0,-,73
2016,Estonia,EST,-,-,303,42,0,-,0,-,0
2016,Ethiopia,ETH,-,-,83958,78854,0,-,0,-,690
2016,Fiji,FJI,-,-,791,510,0,-,0,-,0
2016,Finland,FIN,-,-,5,5,0,-,0,-,0
2016,France,FRA,-,-,50,116,0,-,0,-,0
2016,Gabon,GAB,-,-,167,431,0,-,0,-,0
2016,Gambia,GMB,-,-,11589,18888,0,-,0,-,0
2016,Palestinian,PSE,-,-,97794,5980,0,-,0,-,2199
2016,"United Kingdom of Great Britain and Northern Ireland",GBR,-,-,78,100,0,-,0,-,0
2016,Georgia,GEO,-,-,6405,14147,273765,-,0,-,0
2016,Germany,DEU,-,-,67,128,0,-,0,-,0
2016,Ghana,GHA,-,-,15527,11846,0,-,0,-,0
2016,Guinea-Bissau,GNB,-,-,1650,1866,0,-,0,-,0
2016,Greece,GRC,-,-,101,76,0,-,0,-,0
2016,Grenada,GRD,-,-,100,63,0,-,0,-,0
2016,Guatemala,GTM,-,-,12549,46222,0,-,0,-,0
2016,Guinea,GIN,-,-,17536,24389,0,-,0,-,0
2016,Guyana,GUY,-,-,269,296,0,-,0,-,0
2016,Haiti,HTI,-,-,29671,22454,0,-,0,-,22930
2016,"China, Hong Kong SAR",HKG,-,-,15,112,0,-,0,-,0
2016,Honduras,HND,-,-,10509,35198,174000,-,0,-,4800
2016,Croatia,HRV,-,-,26231,343,0,-,0,-,14518
2016,Hungary,HUN,-,-,2909,1661,0,-,0,-,5
2016,Iceland,ISL,-,-,0,5,0,-,0,-,0
2016,"Cote d'Ivoire",CIV,-,-,46811,18628,0,-,0,-,17
2016,India,IND,-,-,7288,27939,0,-,0,-,264
2016,Indonesia,IDN,-,-,13056,3581,0,-,0,-,0
2016,Ireland,IRL,-,-,0,42,0,-,0,-,0
2016,"Iran (Islamic Rep. of)",IRN,-,-,94102,87535,0,-,0,-,273
2016,Iraq,IRQ,-,-,316056,278367,3604285,-,0,-,15778
2016,Israel,ISR,-,-,487,548,0,-,0,-,0
2016,Italy,ITA,-,-,49,132,0,-,0,-,0
2016,Jamaica,JAM,-,-,1998,1134,0,-,0,-,0
2016,Jordan,JOR,-,-,1919,2433,0,-,0,-,131
2016,Japan,JPN,-,-,53,83,0,-,0,-,0
2016,Kazakhstan,KAZ,-,-,2366,2225,0,-,0,-,0
2016,Kenya,KEN,-,-,7526,3556,0,-,0,-,20
2016,Kyrgyzstan,KGZ,-,-,2571,2368,0,-,0,-,0
2016,"Rep. of Korea",KOR,-,-,243,266,0,-,0,-,0
2016,"Dem. People's Rep. of Korea",PRK,-,-,1419,526,0,-,0,-,0
2016,Kuwait,KWT,-,-,1013,650,0,-,0,-,0
2016,"Lao People's Dem. Rep.",LAO,-,-,7229,167,0,-,0,-,0
2016,Liberia,LBR,-,-,6558,2601,0,-,0,-,109
2016,Libya,LBY,-,-,8831,6521,174510,-,0,-,10
2016,"Saint Lucia",LCA,-,-,993,196,0,-,0,-,0
2016,Lebanon,LBN,-,-,4719,8484,0,-,0,-,0
2016,Lesotho,LSO,-,-,5,698,0,-,0,-,0
2016,"Sri Lanka",LKA,-,-,117472,15462,39730,-,0,-,12
2016,Lithuania,LTU,-,-,74,78,0,-,0,-,0
2016,Latvia,LVA,-,-,165,96,0,-,0,-,0
2016,"China, Macao SAR",MAC,-,-,5,0,0,-,0,-,0
2016,Madagascar,MDG,-,-,292,53,0,-,0,-,5
2016,Mauritania,MRT,-,-,36263,7386,0,-,0,-,5
2016,"North Macedonia",MKD,-,-,1730,7054,0,-,0,-,0
2016,Monaco,MCO,-,-,5,0,0,-,0,-,0
2016,"Rep. of Moldova",MDA,-,-,2316,4354,0,-,0,-,0
2016,Maldives,MDV,-,-,58,35,0,-,0,-,0
2016,Mexico,MEX,-,-,10387,64256,0,-,0,-,0
2016,"Marshall Islands",MHL,-,-,5,0,0,-,0,-,0
2016,Mali,MLI,-,-,156415,9702,36690,-,0,-,23
2016,Malaysia,MYS,-,-,453,6163,0,-,0,-,0
2016,Malawi,MWI,-,-,427,3752,0,-,0,-,0
2016,Montenegro,MNE,-,-,713,1132,0,-,0,-,0
2016,Mongolia,MNG,-,-,2282,3831,0,-,0,-,0
2016,Morocco,MAR,-,-,2240,7251,0,-,0,-,9
2016,Mozambique,MOZ,-,-,48,5702,15128,-,0,-,0
2016,Mauritius,MUS,-,-,106,203,0,-,0,-,0
2016,Myanmar,MMR,-,-,490285,56023,375016,-,0,-,261
2016,Namibia,NAM,-,-,1363,130,0,-,0,-,41
2016,Nepal,NPL,-,-,8364,11531,0,-,0,-,585
2016,"Netherlands (Kingdom of the)",NLD,-,-,32,42,0,-,0,-,0
2016,Niger,NER,-,-,1230,838,121391,-,0,-,14678
2016,Nicaragua,NIC,-,-,1409,2125,0,-,0,-,0
2016,Nigeria,NGA,-,-,229290,66862,2219272,-,0,-,16
2016,Niue,NIU,-,-,19,0,0,-,0,-,0
2016,Norway,NOR,-,-,10,15,0,-,0,-,0
2016,"New Zealand",NZL,-,-,25,18,0,-,0,-,0
2016,Oman,OMN,-,-,35,24,0,-,0,-,0
2016,Pakistan,PAK,-,-,105419,67700,448956,-,0,-,0
2016,Panama,PAN,-,-,33,81,0,-,0,-,0
2016,Paraguay,PRY,-,-,68,117,0,-,0,-,0
2016,Peru,PER,-,-,2599,2290,0,-,0,-,0
2016,Philippines,PHL,-,-,426,3119,87418,-,0,-,80053
2016,"Papua New Guinea",PNG,-,-,401,261,0,-,0,-,0
2016,Poland,POL,-,-,1159,565,0,-,0,-,0
2016,Portugal,PRT,-,-,20,81,0,-,0,-,0
2016,Qatar,QAT,-,-,25,23,0,-,0,-,0
2016,Romania,ROU,-,-,1195,2520,0,-,0,-,0
2016,"South Africa",ZAF,-,-,452,1075,0,-,0,-,7
2016,"Russian Federation",RUS,-,-,62759,35366,0,-,0,-,0
2016,Rwanda,RWA,-,-,286063,11690,0,-,0,-,6005
2016,"El Salvador",SLV,-,-,19617,62163,0,-,0,-,9800
2016,"Saudi Arabia",SAU,-,-,937,987,0,-,0,-,9
2016,Senegal,SEN,-,-,23054,16301,0,-,0,-,0
2016,Seychelles,SYC,-,-,10,5,0,-,0,-,0
2016,Singapore,SGP,-,-,38,47,0,-,0,-,0
2016,"Sierra Leone",SLE,-,-,4678,4674,0,-,0,-,1479
2016,"Solomon Islands",SLB,-,-,71,79,0,-,0,-,0
2016,Somalia,SOM,-,-,1012320,60491,1562554,-,0,-,290
2016,Spain,ESP,-,-,34,120,0,-,0,-,0
2016,"Serbia and Kosovo: S/RES/1244 (1999)",SRB,-,-,36928,21699,219633,-,0,-,0
2016,"Viet Nam",VNM,-,-,329341,4538,0,-,0,-,68
2016,"South Sudan",SSD,-,-,1436707,5792,1853924,-,0,-,0
2016,Stateless,XXA,-,-,48687,10745,0,-,3242206,-,0
2016,"Saint Kitts and Nevis",KNA,-,-,49,22,0,-,0,-,0
2016,"Sao Tome and Principe",STP,-,-,31,8,0,-,0,-,0
2016,Sudan,SDN,-,-,650391,50469,2225557,-,0,-,125
2016,Suriname,SUR,-,-,16,25,0,-,0,-,0
2016,Slovakia,SVK,-,-,792,580,0,-,0,-,0
2016,Slovenia,SVN,-,-,20,12,0,-,0,-,0
2016,Eswatini,SWZ,-,-,224,137,0,-,0,-,0
2016,Sweden,SWE,-,-,13,17,0,-,0,-,0
2016,Switzerland,CHE,-,-,5,10,0,-,0,-,0
2016,"Syrian Arab Rep.",SYR,-,-,5524511,184337,6325978,-,0,-,8516
2016,"United Rep. of Tanzania",TZA,-,-,579,1215,0,-,0,-,10
2016,"Turks and Caicos Islands",TCA,-,-,14,5,0,-,0,-,0
2016,Thailand,THA,-,-,147,950,0,-,0,-,0
2016,Tibetan,TIB,-,-,13536,10,0,-,0,-,0
2016,Tajikistan,TJK,-,-,932,3198,0,-,0,-,0
2016,Turkmenistan,TKM,-,-,371,1069,0,-,0,-,0
2016,Timor-Leste,TLS,-,-,19,0,0,-,0,-,0
2016,Togo,TGO,-,-,8296,2645,0,-,0,-,0
2016,Tonga,TON,-,-,25,77,0,-,0,-,0
2016,"Trinidad and Tobago",TTO,-,-,295,241,0,-,0,-,6
2016,Tunisia,TUN,-,-,1687,2062,0,-,0,-,7
2016,Türkiye,TUR,-,-,57915,23236,0,-,0,-,45
2016,"United Arab Emirates",ARE,-,-,103,160,0,-,0,-,0
2016,Uganda,UGA,-,-,6229,5328,0,-,0,-,180000
2016,"Unknown ",UNK,-,-,138787,216805,0,-,0,-,40875
2016,Ukraine,UKR,-,-,239062,34638,1800000,-,0,-,5
2016,Uruguay,URY,-,-,23,103,0,-,0,-,0
2016,"United States of America",USA,-,-,302,286,0,-,0,-,7
2016,Uzbekistan,UZB,-,-,3824,3087,0,-,0,-,0
2016,"Saint Vincent and the Grenadines",VCT,-,-,1335,131,0,-,0,-,0
2016,"Venezuela (Bolivarian Republic of)",VEN,-,-,7543,45074,0,-,0,-,0
2016,Samoa,WSM,-,-,0,10,0,-,0,-,0
2016,"Western Sahara",ESH,-,-,116648,1993,0,-,0,-,0
2016,Yemen,YEM,-,-,18427,15870,2025060,-,0,-,5
2016,Zambia,ZMB,-,-,256,294,0,-,0,-,0
2016,Zimbabwe,ZWE,-,-,18141,43191,0,-,0,-,161
2017,Afghanistan,AFG,-,-,2624265,333986,1837079,-,0,-,448040
2017,Albania,ALB,-,-,12168,18761,0,-,0,-,0
2017,Algeria,DZA,-,-,4021,6432,0,-,0,-,7
2017,Andorra,AND,-,-,0,5,0,-,0,-,0
2017,Angola,AGO,-,-,8292,7819,0,-,0,-,17729
2017,"Antigua and Barbuda",ATG,-,-,99,63,0,-,0,-,0
2017,Egypt,EGY,-,-,22106,14588,0,-,0,-,41
2017,Argentina,ARG,-,-,121,352,0,-,0,-,0
2017,Armenia,ARM,-,-,10786,14907,0,-,0,-,8
2017,Australia,AUS,-,-,10,10,0,-,0,-,0
2017,Austria,AUT,-,-,10,26,0,-,0,-,0
2017,Azerbaijan,AZE,-,-,10893,9541,612785,-,0,-,0
2017,Bahrain,BHR,-,-,497,172,0,-,0,-,0
2017,Barbados,BRB,-,-,172,76,0,-,0,-,0
2017,Burundi,BDI,-,-,439320,60433,57258,-,0,-,164205
2017,Belgium,BEL,-,-,52,37,0,-,0,-,0
2017,Benin,BEN,-,-,572,1131,0,-,0,-,6
2017,Bangladesh,BGD,-,-,16780,68118,0,-,0,-,15
2017,Bahamas,BHS,-,-,378,235,0,-,0,-,0
2017,Bhutan,BTN,-,-,7954,400,0,-,0,-,0
2017,"Burkina Faso",BFA,-,-,2694,5557,2350,-,0,-,0
2017,Belarus,BLR,-,-,3650,2862,0,-,0,-,0
2017,"Bolivia (Plurinational State of)",BOL,-,-,520,865,0,-,0,-,0
2017,Botswana,BWA,-,-,279,95,0,-,0,-,0
2017,Brazil,BRA,-,-,851,6786,0,-,0,-,0
2017,"Brunei Darussalam",BRN,-,-,0,9,0,-,0,-,0
2017,"Bosnia and Herzegovina",BIH,-,-,17690,1886,98574,-,0,-,48907
2017,Bulgaria,BGR,-,-,716,316,0,-,0,-,0
2017,Belize,BLZ,-,-,64,206,0,-,0,-,0
2017,Cambodia,KHM,-,-,12238,1578,0,-,0,-,0
2017,Canada,CAN,-,-,75,78,0,-,0,-,0
2017,"Central African Rep.",CAF,-,-,545513,12997,688700,-,0,-,21432
2017,"Cayman Islands",CYM,-,-,6,0,0,-,0,-,0
2017,Chad,TCD,-,-,16325,3105,99983,-,0,-,37317
2017,China,CHN,-,-,207716,89508,0,-,0,-,0
2017,Chile,CHL,-,-,493,350,0,-,0,-,0
2017,Cameroon,CMR,-,-,11032,24607,221695,-,0,-,24
2017,Congo,COG,-,-,13295,13068,107828,-,0,-,90
2017,"Dem. Rep. of the Congo",COD,-,-,620805,136152,4351376,-,0,-,10555
2017,Comoros,COM,-,-,600,322,0,-,0,-,0
2017,Colombia,COL,-,-,191635,32478,7677609,-,0,-,0
2017,"Costa Rica",CRI,-,-,195,486,0,-,0,-,0
2017,Cuba,CUB,-,-,5331,13258,0,-,0,-,0
2017,"Curacao ",CUW,-,-,35,0,0,-,0,-,0
2017,"Cabo Verde",CPV,-,-,5,181,0,-,0,-,0
2017,Cyprus,CYP,-,-,0,20,0,-,0,-,0
2017,Czechia,CZE,-,-,1272,307,0,-,0,-,0
2017,Denmark,DNK,-,-,0,21,0,-,0,-,0
2017,Djibouti,DJI,-,-,1761,1286,0,-,0,-,0
2017,Dominica,DMA,-,-,26,63,0,-,0,-,0
2017,"Dominican Rep.",DOM,-,-,427,3159,0,-,0,-,0
2017,Ecuador,ECU,-,-,1251,17341,0,-,0,-,0
2017,"Equatorial Guinea",GNQ,-,-,127,110,0,-,0,-,0
2017,Eritrea,ERI,-,-,486209,78308,0,-,0,-,145
2017,Estonia,EST,-,-,288,42,0,-,0,-,0
2017,Ethiopia,ETH,-,-,87448,133659,1078429,-,0,-,4258
2017,"French Guiana",GUF,-,-,0,11,0,-,0,-,0
2017,Fiji,FJI,-,-,734,678,0,-,0,-,0
2017,Finland,FIN,-,-,5,10,0,-,0,-,0
2017,France,FRA,-,-,54,140,0,-,0,-,0
2017,Gabon,GAB,-,-,216,696,0,-,0,-,0
2017,Gambia,GMB,-,-,14564,22214,0,-,0,-,0
2017,Palestinian,PSE,-,-,99630,8859,0,-,0,-,1661
2017,"United Kingdom of Great Britain and Northern Ireland",GBR,-,-,85,158,0,-,0,-,0
2017,Georgia,GEO,-,-,6535,16466,278103,-,0,-,0
2017,Germany,DEU,-,-,66,179,0,-,0,-,0
2017,Ghana,GHA,-,-,16959,17504,0,-,0,-,0
2017,Guadeloupe,GLP,-,-,0,37,0,-,0,-,0
2017,Guinea-Bissau,GNB,-,-,1870,3502,0,-,0,-,0
2017,Greece,GRC,-,-,106,95,0,-,0,-,0
2017,Grenada,GRD,-,-,103,62,0,-,0,-,0
2017,Guatemala,GTM,-,-,16284,72726,0,-,0,-,0
2017,Guinea,GIN,-,-,20333,34518,0,-,0,-,0
2017,Guyana,GUY,-,-,260,482,0,-,0,-,0
2017,Haiti,HTI,-,-,28424,37018,0,-,0,-,43871
2017,"China, Hong Kong SAR",HKG,-,-,11,104,0,-,0,-,0
2017,Honduras,HND,-,-,14424,59782,174000,-,0,-,3200
2017,Croatia,HRV,-,-,24869,268,0,-,0,-,8019
2017,Hungary,HUN,-,-,3336,1656,0,-,0,-,5
2017,Iceland,ISL,-,-,5,0,0,-,0,-,0
2017,"Cote d'Ivoire",CIV,-,-,40009,26535,0,-,0,-,20
2017,India,IND,-,-,7926,40356,0,-,0,-,235
2017,Indonesia,IDN,-,-,12485,5384,0,-,0,-,0
2017,Ireland,IRL,-,-,0,52,0,-,0,-,0
2017,"Iran (Islamic Rep. of)",IRN,-,-,118639,75079,0,-,0,-,2729
2017,Iraq,IRQ,-,-,362536,272627,2615988,-,0,-,11227
2017,Israel,ISR,-,-,469,691,0,-,0,-,0
2017,Italy,ITA,-,-,52,282,0,-,0,-,0
2017,Jamaica,JAM,-,-,2224,1430,0,-,0,-,0
2017,Jordan,JOR,-,-,2119,3467,0,-,0,-,60
2017,Japan,JPN,-,-,44,99,0,-,0,-,0
2017,Kazakhstan,KAZ,-,-,2406,3514,0,-,0,-,0
2017,Kenya,KEN,-,-,7567,5714,0,-,0,-,12
2017,Kyrgyzstan,KGZ,-,-,2771,2570,0,-,0,-,0
2017,"Rep. of Korea",KOR,-,-,239,381,0,-,0,-,0
2017,"Dem. People's Rep. of Korea",PRK,-,-,1176,587,0,-,0,-,0
2017,Kuwait,KWT,-,-,1097,951,0,-,0,-,5
2017,"Lao People's Dem. Rep.",LAO,-,-,7056,223,0,-,0,-,0
2017,Liberia,LBR,-,-,6039,3362,0,-,0,-,145
2017,Libya,LBY,-,-,11205,6842,180937,-,0,-,5
2017,"Saint Lucia",LCA,-,-,995,178,0,-,0,-,0
2017,Lebanon,LBN,-,-,5301,9285,0,-,0,-,0
2017,Lesotho,LSO,-,-,6,20,0,-,0,-,0
2017,"Sri Lanka",LKA,-,-,115632,18934,39322,-,0,-,6
2017,Lithuania,LTU,-,-,73,95,0,-,0,-,0
2017,Latvia,LVA,-,-,162,105,0,-,0,-,0
2017,"China, Macao SAR",MAC,-,-,0,10,0,-,0,-,0
2017,Madagascar,MDG,-,-,292,73,0,-,0,-,5
2017,Mauritania,MRT,-,-,36525,7543,0,-,0,-,5
2017,"North Macedonia",MKD,-,-,1653,4038,0,-,0,-,0
2017,Monaco,MCO,-,-,5,0,0,-,0,-,0
2017,"Rep. of Moldova",MDA,-,-,2339,3418,0,-,0,-,0
2017,Maldives,MDV,-,-,64,34,0,-,0,-,0
2017,Mexico,MEX,-,-,11679,85078,0,-,0,-,0
2017,"Marshall Islands",MHL,-,-,7,0,0,-,0,-,0
2017,Mali,MLI,-,-,150305,15086,38172,-,0,-,366
2017,Malaysia,MYS,-,-,540,9478,0,-,0,-,0
2017,Malawi,MWI,-,-,434,3154,0,-,0,-,0
2017,Montenegro,MNE,-,-,704,770,0,-,0,-,0
2017,Mongolia,MNG,-,-,2227,4169,0,-,0,-,5
2017,Morocco,MAR,-,-,3089,6853,0,-,0,-,15
2017,Mozambique,MOZ,-,-,48,12581,15128,-,0,-,0
2017,Malta,MLT,-,-,0,5,0,-,0,-,0
2017,Mauritius,MUS,-,-,130,229,0,-,0,-,0
2017,Myanmar,MMR,-,-,1156742,41088,353108,-,0,-,109
2017,Namibia,NAM,-,-,1368,211,0,-,0,-,5
2017,Nepal,NPL,-,-,8415,13186,0,-,0,-,382
2017,"Netherlands (Kingdom of the)",NLD,-,-,39,64,0,-,0,-,0
2017,Niger,NER,-,-,1363,2399,129015,-,0,-,14820
2017,Nicaragua,NIC,-,-,1467,2722,0,-,0,-,0
2017,Nigeria,NGA,-,-,238977,91924,1704080,-,0,-,24
2017,Niue,NIU,-,-,19,5,0,-,0,-,0
2017,Norway,NOR,-,-,15,25,0,-,0,-,0
2017,"New Zealand",NZL,-,-,34,27,0,-,0,-,0
2017,Oman,OMN,-,-,39,22,0,-,0,-,0
2017,Pakistan,PAK,-,-,128914,76885,174354,-,0,-,0
2017,Panama,PAN,-,-,36,126,0,-,0,-,0
2017,Paraguay,PRY,-,-,77,175,0,-,0,-,0
2017,Peru,PER,-,-,2588,3497,0,-,0,-,0
2017,Philippines,PHL,-,-,445,8081,311943,-,0,-,80049
2017,Palau,PLW,-,-,0,5,0,-,0,-,0
2017,"Papua New Guinea",PNG,-,-,406,372,0,-,0,-,0
2017,Poland,POL,-,-,1123,784,0,-,0,-,0
2017,Portugal,PRT,-,-,16,171,0,-,0,-,0
2017,Qatar,QAT,-,-,31,39,0,-,0,-,0
2017,Romania,ROU,-,-,1210,3256,0,-,0,-,0
2017,"South Africa",ZAF,-,-,461,1608,0,-,0,-,5
2017,"Russian Federation",RUS,-,-,61584,38663,0,-,0,-,0
2017,Rwanda,RWA,-,-,258986,12801,0,-,0,-,6677
2017,"El Salvador",SLV,-,-,25876,104901,71500,-,0,-,4200
2017,"Saudi Arabia",SAU,-,-,1219,1247,0,-,0,-,9
2017,Senegal,SEN,-,-,26584,25181,0,-,0,-,0
2017,Seychelles,SYC,-,-,10,5,0,-,0,-,0
2017,Singapore,SGP,-,-,48,55,0,-,0,-,0
2017,"Sierra Leone",SLE,-,-,4496,6236,0,-,0,-,374
2017,"Solomon Islands",SLB,-,-,57,106,0,-,0,-,0
2017,Somalia,SOM,-,-,986386,58320,2116705,-,0,-,230
2017,Spain,ESP,-,-,39,197,0,-,0,-,0
2017,"Serbia and Kosovo: S/RES/1244 (1999)",SRB,-,-,33246,12807,217453,-,0,-,0
2017,"Viet Nam",VNM,-,-,334064,7115,0,-,0,-,68
2017,"South Sudan",SSD,-,-,2439888,6452,1903953,-,0,-,10000
2017,Stateless,XXA,-,-,53352,8890,0,-,3853982,-,0
2017,"Saint Kitts and Nevis",KNA,-,-,51,18,0,-,0,-,0
2017,"Sao Tome and Principe",STP,-,-,31,23,0,-,0,-,0
2017,Sudan,SDN,-,-,694556,52191,1997022,-,0,-,19
2017,Suriname,SUR,-,-,17,44,0,-,0,-,0
2017,Slovakia,SVK,-,-,913,699,0,-,0,-,0
2017,Slovenia,SVN,-,-,17,14,0,-,0,-,0
2017,Eswatini,SWZ,-,-,231,40,0,-,0,-,0
2017,Sweden,SWE,-,-,14,18,0,-,0,-,0
2017,Switzerland,CHE,-,-,5,10,0,-,0,-,0
2017,"Syrian Arab Rep.",SYR,-,-,6310498,147179,6150005,-,0,-,8596
2017,"United Rep. of Tanzania",TZA,-,-,655,1455,0,-,0,-,15
2017,"Turks and Caicos Islands",TCA,-,-,14,5,0,-,0,-,0
2017,Thailand,THA,-,-,164,1333,0,-,0,-,0
2017,Tibetan,TIB,-,-,13531,12,0,-,0,-,8
2017,Tajikistan,TJK,-,-,1369,3617,0,-,0,-,0
2017,Turkmenistan,TKM,-,-,365,1115,0,-,0,-,0
2017,Timor-Leste,TLS,-,-,13,5,0,-,0,-,0
2017,Togo,TGO,-,-,8115,3762,0,-,0,-,0
2017,Tonga,TON,-,-,34,106,0,-,0,-,0
2017,"Trinidad and Tobago",TTO,-,-,310,303,0,-,0,-,15
2017,Tunisia,TUN,-,-,1826,2330,0,-,0,-,7
2017,Türkiye,TUR,-,-,61383,33801,0,-,0,-,10
2017,"United Arab Emirates",ARE,-,-,137,207,0,-,0,-,0
2017,Uganda,UGA,-,-,6409,10156,0,-,0,-,180000
2017,"Unknown ",UNK,-,-,202190,34577,0,-,0,-,120348
2017,Ukraine,UKR,-,-,139581,37670,1800000,-,0,-,5
2017,Uruguay,URY,-,-,12,174,0,-,0,-,0
2017,"United States of America",USA,-,-,310,2196,0,-,0,-,6
2017,Uzbekistan,UZB,-,-,3405,3541,0,-,0,-,0
2017,Vanuatu,VUT,-,-,0,14,0,-,0,-,0
2017,"Saint Vincent and the Grenadines",VCT,-,-,1311,136,0,-,0,-,0
2017,"Venezuela (Bolivarian Republic of)",VEN,-,-,9272,148096,0,-,0,-,345585
2017,Samoa,WSM,-,-,0,11,0,-,0,-,0
2017,"Western Sahara",ESH,-,-,116762,1843,0,-,0,-,0
2017,Yemen,YEM,-,-,23555,24629,2014062,-,0,-,10
2017,Zambia,ZMB,-,-,260,164,0,-,0,-,5
2017,Zimbabwe,ZWE,-,-,17420,21760,0,-,0,-,169
2018,Afghanistan,AFG,-,-,2681267,310107,2106893,-,0,-,489859
2018,Albania,ALB,-,-,13512,21071,0,-,0,-,0
2018,Algeria,DZA,-,-,4181,7447,0,-,0,-,11
2018,Angola,AGO,-,-,8243,8904,0,-,0,-,18020
2018,"Antigua and Barbuda",ATG,-,-,107,47,0,-,0,-,0
2018,Egypt,EGY,-,-,24850,16760,0,-,0,-,47
2018,Argentina,ARG,-,-,112,489,0,-,0,-,0
2018,Armenia,ARM,-,-,11040,13697,0,-,0,-,5
2018,Australia,AUS,-,-,10,17,0,-,0,-,0
2018,Austria,AUT,-,-,24,10,0,-,0,-,0
2018,Azerbaijan,AZE,-,-,11246,9318,620423,-,0,-,0
2018,Bahrain,BHR,-,-,540,136,0,-,0,-,0
2018,Barbados,BRB,-,-,211,81,0,-,0,-,0
2018,Burundi,BDI,-,-,387850,53360,31909,-,0,-,14148
2018,Belgium,BEL,-,-,50,79,0,-,0,-,0
2018,Benin,BEN,-,-,659,1078,0,-,0,-,6
2018,Bangladesh,BGD,-,-,21022,58843,0,-,0,-,8
2018,Bahamas,BHS,-,-,421,391,0,-,0,-,0
2018,Bhutan,BTN,-,-,7100,390,0,-,0,-,0
2018,"Burkina Faso",BFA,-,-,11447,4949,47030,-,0,-,0
2018,Belarus,BLR,-,-,3526,3282,0,-,0,-,0
2018,"Bolivia (Plurinational State of)",BOL,-,-,502,1004,0,-,0,-,0
2018,Botswana,BWA,-,-,289,89,0,-,0,-,0
2018,Brazil,BRA,-,-,1038,8570,0,-,0,-,0
2018,"Bosnia and Herzegovina",BIH,-,-,16956,1619,96830,-,0,-,48907
2018,Bulgaria,BGR,-,-,620,367,0,-,0,-,0
2018,Belize,BLZ,-,-,68,219,0,-,0,-,0
2018,Cambodia,KHM,-,-,12139,749,0,-,0,-,0
2018,Canada,CAN,-,-,81,79,0,-,0,-,0
2018,"Central African Rep.",CAF,-,-,590858,17278,640970,-,0,-,21697
2018,"Cayman Islands",CYM,-,-,6,0,0,-,0,-,0
2018,Chad,TCD,-,-,10895,4401,165314,-,0,-,16724
2018,China,CHN,-,-,212039,94351,0,-,0,-,0
2018,Chile,CHL,-,-,479,514,0,-,0,-,0
2018,Cameroon,CMR,-,-,45118,18638,668494,-,0,-,11
2018,Congo,COG,-,-,13354,11762,138000,-,0,-,92
2018,"Dem. Rep. of the Congo",COD,-,-,720302,133422,4516866,-,0,-,10862
2018,Comoros,COM,-,-,624,500,0,-,0,-,0
2018,Colombia,COL,-,-,138583,45674,7816473,-,0,-,0
2018,"Costa Rica",CRI,-,-,207,548,0,-,0,-,0
2018,Cuba,CUB,-,-,5488,26597,0,-,0,-,0
2018,"Curacao ",CUW,-,-,35,0,0,-,0,-,0
2018,"Cabo Verde",CPV,-,-,10,206,0,-,0,-,0
2018,Cyprus,CYP,-,-,7,20,0,-,0,-,0
2018,Czechia,CZE,-,-,1236,224,0,-,0,-,0
2018,Denmark,DNK,-,-,0,35,0,-,0,-,0
2018,Djibouti,DJI,-,-,2124,1100,0,-,0,-,0
2018,Dominica,DMA,-,-,36,56,0,-,0,-,0
2018,"Dominican Rep.",DOM,-,-,472,3406,0,-,0,-,0
2018,Ecuador,ECU,-,-,1424,17727,0,-,0,-,0
2018,"Equatorial Guinea",GNQ,-,-,140,176,0,-,0,-,0
2018,Eritrea,ERI,-,-,507260,78584,0,-,0,-,86
2018,Estonia,EST,-,-,281,37,0,-,0,-,0
2018,Ethiopia,ETH,-,-,92232,133254,2615800,-,0,-,4228
2018,"French Guiana",GUF,-,-,0,23,0,-,0,-,0
2018,Fiji,FJI,-,-,675,1297,0,-,0,-,0
2018,Finland,FIN,-,-,5,5,0,-,0,-,0
2018,France,FRA,-,-,59,219,0,-,0,-,0
2018,Gabon,GAB,-,-,342,739,0,-,0,-,0
2018,Gambia,GMB,-,-,17237,14016,0,-,0,-,0
2018,Palestinian,PSE,-,-,100728,13461,0,-,0,-,1459
2018,"United Kingdom of Great Britain and Northern Ireland",GBR,-,-,84,184,0,-,0,-,0
2018,Georgia,GEO,-,-,6983,21006,282382,-,0,-,0
2018,Germany,DEU,-,-,61,176,0,-,0,-,0
2018,Ghana,GHA,-,-,18071,12542,0,-,0,-,0
2018,Guadeloupe,GLP,-,-,0,11,0,-,0,-,0
2018,Guinea-Bissau,GNB,-,-,2043,2850,0,-,0,-,0
2018,Greece,GRC,-,-,107,128,0,-,0,-,0
2018,Grenada,GRD,-,-,96,59,0,-,0,-,0
2018,Guatemala,GTM,-,-,19128,86875,0,-,0,-,24
2018,Guinea,GIN,-,-,23493,33045,0,-,0,-,0
2018,Guyana,GUY,-,-,283,551,0,-,0,-,0
2018,Haiti,HTI,-,-,27517,40973,0,-,0,-,0
2018,"China, Hong Kong SAR",HKG,-,-,11,22,0,-,0,-,0
2018,Honduras,HND,-,-,18857,76526,174001,-,0,-,46419
2018,Croatia,HRV,-,-,24105,79,0,-,0,-,4376
2018,Hungary,HUN,-,-,3927,804,0,-,0,-,0
2018,Iceland,ISL,-,-,5,5,0,-,0,-,0
2018,"Cote d'Ivoire",CIV,-,-,38316,22855,0,-,0,-,16
2018,India,IND,-,-,9586,51802,0,-,0,-,214
2018,Indonesia,IDN,-,-,12148,3395,0,-,0,-,0
2018,Ireland,IRL,-,-,0,59,0,-,0,-,0
2018,"Iran (Islamic Rep. of)",IRN,-,-,129941,87367,0,-,0,-,87
2018,Iraq,IRQ,-,-,372332,256716,1802832,-,0,-,7901
2018,Israel,ISR,-,-,492,683,0,-,0,-,0
2018,Italy,ITA,-,-,69,381,0,-,0,-,0
2018,Jamaica,JAM,-,-,2448,1495,0,-,0,-,0
2018,Jordan,JOR,-,-,2430,4119,0,-,0,-,1431
2018,Japan,JPN,-,-,42,114,0,-,0,-,0
2018,Kazakhstan,KAZ,-,-,2520,5833,0,-,0,-,0
2018,Kenya,KEN,-,-,7480,7287,0,-,0,-,0
2018,Kyrgyzstan,KGZ,-,-,2934,2721,0,-,0,-,0
2018,"Rep. of Korea",KOR,-,-,274,536,0,-,0,-,0
2018,"Dem. People's Rep. of Korea",PRK,-,-,797,146,0,-,0,-,0
2018,Kuwait,KWT,-,-,1251,1220,0,-,0,-,0
2018,"Lao People's Dem. Rep.",LAO,-,-,6943,294,0,-,0,-,0
2018,Liberia,LBR,-,-,5508,2986,0,-,0,-,88
2018,Libya,LBY,-,-,13868,6786,170491,-,0,-,8
2018,"Saint Lucia",LCA,-,-,1025,65,0,-,0,-,0
2018,Lebanon,LBN,-,-,5620,8058,0,-,0,-,14
2018,Lesotho,LSO,-,-,6,38,0,-,0,-,0
2018,"Sri Lanka",LKA,-,-,113955,14517,35473,-,0,-,0
2018,Lithuania,LTU,-,-,66,89,0,-,0,-,0
2018,Luxembourg,LUX,-,-,0,5,0,-,0,-,0
2018,Latvia,LVA,-,-,152,103,0,-,0,-,0
2018,"China, Macao SAR",MAC,-,-,0,25,0,-,0,-,0
2018,Madagascar,MDG,-,-,298,111,0,-,0,-,0
2018,Mauritania,MRT,-,-,37050,8121,0,-,0,-,0
2018,"North Macedonia",MKD,-,-,1721,3228,0,-,0,-,0
2018,Monaco,MCO,-,-,5,0,0,-,0,-,0
2018,"Rep. of Moldova",MDA,-,-,2397,4537,0,-,0,-,0
2018,Maldives,MDV,-,-,74,35,0,-,0,-,0
2018,Mexico,MEX,-,-,12870,89794,0,-,0,-,0
2018,"Marshall Islands",MHL,-,-,7,0,0,-,0,-,0
2018,Mali,MLI,-,-,158267,10891,120298,-,0,-,0
2018,Malaysia,MYS,-,-,817,15037,0,-,0,-,0
2018,Malawi,MWI,-,-,472,2800,0,-,0,-,0
2018,Montenegro,MNE,-,-,715,633,0,-,0,-,0
2018,Mongolia,MNG,-,-,2249,4389,0,-,0,-,5
2018,Morocco,MAR,-,-,3873,8163,0,-,0,-,20
2018,Mozambique,MOZ,-,-,57,8977,0,-,0,-,0
2018,Malta,MLT,-,-,5,10,0,-,0,-,0
2018,Mauritius,MUS,-,-,156,294,0,-,0,-,0
2018,Myanmar,MMR,-,-,1145149,30459,370306,-,0,-,98
2018,Namibia,NAM,-,-,1331,332,0,-,0,-,0
2018,Nepal,NPL,-,-,8590,9074,0,-,0,-,328
2018,"Netherlands (Kingdom of the)",NLD,-,-,41,91,0,-,0,-,0
2018,Niger,NER,-,-,2715,2053,156137,-,0,-,25731
2018,Nicaragua,NIC,-,-,1671,32265,0,-,0,-,0
2018,Nigeria,NGA,-,-,276834,84624,2167925,-,0,-,1424
2018,Niue,NIU,-,-,19,5,0,-,0,-,0
2018,Norway,NOR,-,-,5,11,0,-,0,-,0
2018,"New Zealand",NZL,-,-,34,14,0,-,0,-,0
2018,Oman,OMN,-,-,42,28,0,-,0,-,0
2018,Pakistan,PAK,-,-,132248,75337,96384,-,0,-,0
2018,Panama,PAN,-,-,44,141,0,-,0,-,0
2018,Paraguay,PRY,-,-,73,278,0,-,0,-,0
2018,Peru,PER,-,-,2579,4895,0,-,0,-,0
2018,Philippines,PHL,-,-,522,3804,77651,-,0,-,80038
2018,"Papua New Guinea",PNG,-,-,424,445,0,-,0,-,0
2018,Poland,POL,-,-,1085,912,0,-,0,-,0
2018,Portugal,PRT,-,-,20,245,0,-,0,-,0
2018,Qatar,QAT,-,-,30,33,0,-,0,-,0
2018,Romania,ROU,-,-,1155,4253,0,-,0,-,0
2018,"South Africa",ZAF,-,-,482,2399,0,-,0,-,5
2018,"Russian Federation",RUS,-,-,61457,43268,0,-,0,-,0
2018,Rwanda,RWA,-,-,247469,13772,0,-,0,-,14998
2018,"El Salvador",SLV,-,-,32562,119271,71501,-,0,-,27285
2018,"Saudi Arabia",SAU,-,-,1492,1436,0,-,0,-,10
2018,Senegal,SEN,-,-,18208,17409,0,-,0,-,0
2018,Seychelles,SYC,-,-,15,0,0,-,0,-,0
2018,Singapore,SGP,-,-,46,70,0,-,0,-,0
2018,"Sierra Leone",SLE,-,-,4846,7422,0,-,0,-,0
2018,"Solomon Islands",SLB,-,-,33,145,0,-,0,-,0
2018,Somalia,SOM,-,-,949637,55852,2648001,-,0,-,130
2018,Spain,ESP,-,-,46,238,0,-,0,-,0
2018,"Serbia and Kosovo: S/RES/1244 (1999)",SRB,-,-,32368,9702,215794,-,0,-,0
2018,"Viet Nam",VNM,-,-,334464,5571,0,-,0,-,68
2018,"South Sudan",SSD,-,-,2285301,12701,1878154,-,0,-,10000
2018,Stateless,XXA,-,-,55765,7090,0,-,3851981,-,16
2018,"Saint Kitts and Nevis",KNA,-,-,58,11,0,-,0,-,0
2018,"Sao Tome and Principe",STP,-,-,31,25,0,-,0,-,0
2018,Sudan,SDN,-,-,724787,67433,1864195,-,0,-,0
2018,Suriname,SUR,-,-,22,57,0,-,0,-,0
2018,Slovakia,SVK,-,-,1218,390,0,-,0,-,0
2018,Slovenia,SVN,-,-,19,10,0,-,0,-,0
2018,Eswatini,SWZ,-,-,237,48,0,-,0,-,0
2018,Sweden,SWE,-,-,16,29,0,-,0,-,0
2018,Switzerland,CHE,-,-,5,13,0,-,0,-,0
2018,"Syrian Arab Rep.",SYR,-,-,6654374,139576,6183920,-,0,-,8453
2018,"United Rep. of Tanzania",TZA,-,-,723,1659,0,-,0,-,10
2018,"Turks and Caicos Islands",TCA,-,-,14,0,0,-,0,-,0
2018,Thailand,THA,-,-,183,2792,0,-,0,-,0
2018,Tibetan,TIB,-,-,13527,0,0,-,0,-,0
2018,Tajikistan,TJK,-,-,1695,3192,0,-,0,-,0
2018,Turkmenistan,TKM,-,-,457,1264,0,-,0,-,0
2018,Timor-Leste,TLS,-,-,12,10,0,-,0,-,0
2018,Togo,TGO,-,-,8029,3546,0,-,0,-,0
2018,Tonga,TON,-,-,32,170,0,-,0,-,0
2018,"Trinidad and Tobago",TTO,-,-,323,305,0,-,0,-,15
2018,Tunisia,TUN,-,-,1985,2749,0,-,0,-,0
2018,Türkiye,TUR,-,-,68900,42915,0,-,0,-,10
2018,"United Arab Emirates",ARE,-,-,169,272,0,-,0,-,0
2018,Uganda,UGA,-,-,7034,10956,0,-,0,-,180000
2018,"Unknown ",UNK,-,-,216540,65554,0,-,0,-,147254
2018,Ukraine,UKR,-,-,93248,31965,1500002,-,0,-,0
2018,Uruguay,URY,-,-,7,203,0,-,0,-,0
2018,"United States of America",USA,-,-,332,2834,0,-,0,-,0
2018,Uzbekistan,UZB,-,-,3276,4606,0,-,0,-,0
2018,Vanuatu,VUT,-,-,0,52,0,-,0,-,0
2018,"Saint Vincent and the Grenadines",VCT,-,-,1258,56,0,-,0,-,0
2018,"Venezuela (Bolivarian Republic of)",VEN,-,-,21047,464223,0,2592947,0,-,0
2018,Samoa,WSM,-,-,0,42,0,-,0,-,0
2018,"Western Sahara",ESH,-,-,116790,1803,0,-,0,-,0
2018,Yemen,YEM,-,-,31145,35876,2144719,-,0,-,0
2018,Zambia,ZMB,-,-,266,254,0,-,0,-,0
2018,Zimbabwe,ZWE,-,-,15618,17121,0,-,0,-,110
2019,Afghanistan,AFG,-,-,2727556,251047,2553390,-,0,-,450675
2019,Albania,ALB,-,-,15027,19007,0,-,0,-,0
2019,Algeria,DZA,-,-,4514,7703,0,-,0,-,107
2019,Angola,AGO,-,-,8176,10772,0,-,0,-,18243
2019,"Antigua and Barbuda",ATG,-,-,117,65,0,-,0,-,0
2019,Egypt,EGY,-,-,27416,16627,0,-,0,-,349
2019,Argentina,ARG,-,-,99,932,0,-,0,-,5
2019,Armenia,ARM,-,-,10962,11097,0,-,0,-,5
2019,Australia,AUS,-,-,20,50,0,-,0,-,0
2019,Austria,AUT,-,-,18,10,0,-,0,-,0
2019,Azerbaijan,AZE,-,-,11626,8232,652326,-,0,-,0
2019,Bahrain,BHR,-,-,557,156,0,-,0,-,0
2019,Barbados,BRB,-,-,243,116,0,-,0,-,0
2019,Burundi,BDI,-,-,380900,53166,33256,-,0,-,17605
2019,Belgium,BEL,-,-,34,105,0,-,0,-,0
2019,Benin,BEN,-,-,721,1214,0,-,0,-,6
2019,Bangladesh,BGD,-,-,22766,62860,0,-,0,-,502
2019,Bahamas,BHS,-,-,501,528,0,-,0,-,0
2019,Bhutan,BTN,-,-,6839,413,0,-,0,-,0
2019,"Burkina Faso",BFA,-,-,11733,4996,560033,-,0,-,2190
2019,Belarus,BLR,-,-,3425,4012,0,-,0,-,0
2019,"Bolivia (Plurinational State of)",BOL,-,-,514,1238,0,-,0,-,0
2019,Botswana,BWA,-,-,228,139,0,-,0,-,0
2019,Brazil,BRA,-,-,1399,12034,0,-,0,-,0
2019,"Brunei Darussalam",BRN,-,-,0,10,0,-,0,-,0
2019,"Bosnia and Herzegovina",BIH,-,-,16556,1487,96421,-,0,-,48907
2019,Bulgaria,BGR,-,-,566,344,0,-,0,-,5
2019,Belize,BLZ,-,-,73,278,0,-,0,-,0
2019,Cambodia,KHM,-,-,11986,846,0,-,0,-,0
2019,Canada,CAN,-,-,71,88,0,-,0,-,0
2019,"Central African Rep.",CAF,-,-,610152,15935,669906,-,0,-,1570
2019,"Cayman Islands",CYM,-,-,6,0,0,-,0,-,0
2019,Chad,TCD,-,-,11163,5335,170278,-,0,-,122367
2019,China,CHN,-,-,212863,104248,0,-,0,-,0
2019,Chile,CHL,-,-,486,1251,0,-,0,-,0
2019,Cameroon,CMR,-,-,66241,21865,950263,-,0,-,10
2019,Congo,COG,-,-,12743,11227,134430,-,0,-,37
2019,"Dem. Rep. of the Congo",COD,-,-,802974,145502,5014253,-,0,-,13128
2019,Comoros,COM,-,-,658,1459,0,-,0,-,0
2019,Colombia,COL,-,-,189254,75548,7976412,-,0,-,400000
2019,"Costa Rica",CRI,-,-,206,739,0,-,0,-,0
2019,Cuba,CUB,-,-,6625,55944,0,-,0,-,0
2019,"Curacao ",CUW,-,-,35,0,0,-,0,-,0
2019,"Cabo Verde",CPV,-,-,10,250,0,-,0,-,0
2019,Cyprus,CYP,-,-,0,35,0,-,0,-,0
2019,Czechia,CZE,-,-,1166,181,0,-,0,-,0
2019,Denmark,DNK,-,-,5,37,0,-,0,-,0
2019,Djibouti,DJI,-,-,2351,834,0,-,0,-,0
2019,Dominica,DMA,-,-,50,82,0,-,0,-,0
2019,"Dominican Rep.",DOM,-,-,546,4038,0,-,0,-,0
2019,Ecuador,ECU,-,-,1644,19340,0,-,0,-,0
2019,"Equatorial Guinea",GNQ,-,-,156,166,0,-,0,-,0
2019,Eritrea,ERI,-,-,504300,72164,0,-,0,-,134
2019,Estonia,EST,-,-,274,55,0,-,0,-,0
2019,Ethiopia,ETH,-,-,93467,135267,1733628,-,0,-,3881
2019,"French Guiana",GUF,-,-,0,24,0,-,0,-,0
2019,Fiji,FJI,-,-,591,2343,0,-,0,-,0
2019,Finland,FIN,-,-,0,10,0,-,0,-,0
2019,France,FRA,-,-,50,268,0,-,0,-,0
2019,Gabon,GAB,-,-,440,893,0,-,0,-,0
2019,Gambia,GMB,-,-,17813,9161,0,-,0,-,0
2019,Palestinian,PSE,-,-,96253,11537,0,-,0,-,1104
2019,"United Kingdom of Great Britain and Northern Ireland",GBR,-,-,69,227,0,-,0,-,0
2019,Georgia,GEO,-,-,7519,19734,286216,-,0,-,0
2019,Germany,DEU,-,-,69,201,0,-,0,-,0
2019,Ghana,GHA,-,-,18432,10551,0,-,0,-,0
2019,Guinea-Bissau,GNB,-,-,2093,2665,0,-,0,-,0
2019,Greece,GRC,-,-,95,133,0,-,0,-,0
2019,Grenada,GRD,-,-,80,89,0,-,0,-,0
2019,Guatemala,GTM,-,-,22770,119521,0,-,0,-,47836
2019,Guinea,GIN,-,-,26857,30409,0,-,0,-,0
2019,Guyana,GUY,-,-,284,676,0,-,0,-,0
2019,Haiti,HTI,-,-,26734,65684,0,-,0,-,0
2019,"China, Hong Kong SAR",HKG,-,-,5,222,0,-,0,-,0
2019,Honduras,HND,-,-,26351,122480,247090,-,0,-,72837
2019,Croatia,HRV,-,-,23793,65,0,-,0,-,3754
2019,Hungary,HUN,-,-,4007,671,0,-,0,-,5
2019,Iceland,ISL,-,-,5,5,0,-,0,-,0
2019,"Cote d'Ivoire",CIV,-,-,39351,19881,0,-,0,-,32
2019,India,IND,-,-,11787,65965,0,-,0,-,294
2019,Indonesia,IDN,-,-,12039,4323,0,-,0,-,0
2019,Ireland,IRL,-,-,0,90,0,-,0,-,0
2019,"Iran (Islamic Rep. of)",IRN,-,-,128998,86093,0,-,0,-,405
2019,Iraq,IRQ,-,-,336274,302731,1414632,-,0,-,31760
2019,Israel,ISR,-,-,452,690,0,-,0,-,0
2019,Italy,ITA,-,-,76,431,0,-,0,-,0
2019,Jamaica,JAM,-,-,2529,1798,0,-,0,-,0
2019,Jordan,JOR,-,-,2308,4722,0,-,0,-,1954
2019,Japan,JPN,-,-,39,111,0,-,0,-,0
2019,Kazakhstan,KAZ,-,-,2757,6982,0,-,0,-,0
2019,Kenya,KEN,-,-,7705,7879,0,-,0,-,5
2019,Kyrgyzstan,KGZ,-,-,2963,2593,0,-,0,-,0
2019,"Rep. of Korea",KOR,-,-,180,643,0,-,0,-,0
2019,"Dem. People's Rep. of Korea",PRK,-,-,758,112,0,-,0,-,0
2019,Kuwait,KWT,-,-,1300,1402,0,-,0,-,10
2019,"Lao People's Dem. Rep.",LAO,-,-,6757,390,0,-,0,-,0
2019,Liberia,LBR,-,-,5365,2953,0,-,0,-,33
2019,Libya,LBY,-,-,16033,5986,355672,-,0,-,42
2019,"Saint Lucia",LCA,-,-,843,74,0,-,0,-,0
2019,Lebanon,LBN,-,-,5647,8032,0,-,0,-,5030
2019,Lesotho,LSO,-,-,6,49,0,-,0,-,0
2019,Liechtenstein,LIE,-,-,0,14,0,-,0,-,0
2019,"Sri Lanka",LKA,-,-,110341,16062,25110,-,0,-,10
2019,Lithuania,LTU,-,-,61,76,0,-,0,-,0
2019,Luxembourg,LUX,-,-,5,0,0,-,0,-,0
2019,Latvia,LVA,-,-,144,98,0,-,0,-,0
2019,"China, Macao SAR",MAC,-,-,0,33,0,-,0,-,0
2019,Madagascar,MDG,-,-,298,264,0,-,0,-,0
2019,Mauritania,MRT,-,-,37423,8580,0,-,0,-,0
2019,"North Macedonia",MKD,-,-,1784,2526,0,-,0,-,0
2019,Monaco,MCO,-,-,5,0,0,-,0,-,0
2019,"Rep. of Moldova",MDA,-,-,2427,5653,0,-,0,-,0
2019,Maldives,MDV,-,-,75,11,0,-,0,-,0
2019,Mexico,MEX,-,-,14621,101654,0,-,0,-,0
2019,"Marshall Islands",MHL,-,-,7,0,0,-,0,-,0
2019,Mali,MLI,-,-,164466,8582,207751,-,0,-,5
2019,Malaysia,MYS,-,-,906,21259,0,-,0,-,0
2019,Malawi,MWI,-,-,514,2570,0,-,0,-,0
2019,Montenegro,MNE,-,-,659,606,0,-,0,-,0
2019,Mongolia,MNG,-,-,2364,4057,0,-,0,-,10
2019,Morocco,MAR,-,-,4642,8322,0,-,0,-,260
2019,Mozambique,MOZ,-,-,77,8734,180516,-,0,-,0
2019,Malta,MLT,-,-,5,15,0,-,0,-,0
2019,Mauritius,MUS,-,-,178,304,0,-,0,-,0
2019,Myanmar,MMR,-,-,1076826,37457,312018,-,0,-,119
2019,Namibia,NAM,-,-,459,756,0,-,0,-,0
2019,Nepal,NPL,-,-,8034,9940,0,-,0,-,345
2019,"Netherlands (Kingdom of the)",NLD,-,-,55,102,0,-,0,-,0
2019,Niger,NER,-,-,3063,2420,191902,-,0,-,29882
2019,Nicaragua,NIC,-,-,4376,66869,0,-,0,-,224
2019,Nigeria,NGA,-,-,295578,112382,2195779,-,0,-,7
2019,Niue,NIU,-,-,19,6,0,-,0,-,0
2019,Norway,NOR,-,-,5,11,0,-,0,-,0
2019,Nauru,NRU,-,-,0,15,0,-,0,-,0
2019,"New Zealand",NZL,-,-,34,27,0,-,0,-,0
2019,Oman,OMN,-,-,42,59,0,-,0,-,974
2019,Pakistan,PAK,-,-,136902,66245,100680,-,0,-,2871
2019,Panama,PAN,-,-,45,240,0,-,0,-,0
2019,Paraguay,PRY,-,-,84,632,0,-,0,-,0
2019,Peru,PER,-,-,2765,8669,0,-,0,-,0
2019,Philippines,PHL,-,-,554,4732,178897,-,0,-,55029
2019,"Papua New Guinea",PNG,-,-,475,549,0,-,0,-,0
2019,Poland,POL,-,-,961,1016,0,-,0,-,0
2019,Portugal,PRT,-,-,25,338,0,-,0,-,0
2019,Qatar,QAT,-,-,36,36,0,-,0,-,0
2019,Romania,ROU,-,-,1352,3910,0,-,0,-,0
2019,"South Africa",ZAF,-,-,441,2839,0,-,0,-,6
2019,"Russian Federation",RUS,-,-,62353,48282,0,-,0,-,0
2019,Rwanda,RWA,-,-,246407,15726,0,-,0,-,15566
2019,"El Salvador",SLV,-,-,41816,136277,71500,-,0,-,33192
2019,"Saudi Arabia",SAU,-,-,1721,1410,0,-,0,-,26
2019,Senegal,SEN,-,-,17208,15331,0,-,0,-,0
2019,Seychelles,SYC,-,-,15,6,0,-,0,-,0
2019,Singapore,SGP,-,-,39,88,0,-,0,-,0
2019,"Sierra Leone",SLE,-,-,5288,7272,0,-,0,-,0
2019,"Solomon Islands",SLB,-,-,34,227,0,-,0,-,0
2019,Somalia,SOM,-,-,901596,53083,2648000,-,0,-,160
2019,Spain,ESP,-,-,51,276,0,-,0,-,0
2019,"Serbia and Kosovo: S/RES/1244 (1999)",SRB,-,-,31251,7463,214696,-,0,-,0
2019,"Viet Nam",VNM,-,-,316441,8095,0,-,0,-,68
2019,"South Sudan",SSD,-,-,2234805,5616,1665815,-,0,-,10000
2019,Stateless,XXA,-,-,68784,7258,0,-,4217776,-,0
2019,"Saint Kitts and Nevis",KNA,-,-,57,17,0,-,0,-,0
2019,"Sao Tome and Principe",STP,-,-,28,29,0,-,0,-,0
2019,Sudan,SDN,-,-,734780,72017,1885782,-,0,-,7
2019,Suriname,SUR,-,-,17,72,0,-,0,-,0
2019,Slovakia,SVK,-,-,1343,231,0,-,0,-,0
2019,Slovenia,SVN,-,-,19,15,0,-,0,-,0
2019,Eswatini,SWZ,-,-,224,97,0,-,0,-,0
2019,Sweden,SWE,-,-,13,35,0,-,0,-,0
2019,Switzerland,CHE,-,-,5,20,0,-,0,-,0
2019,"Syrian Arab Rep.",SYR,-,-,6615249,118450,6146994,-,0,-,7612
2019,"United Rep. of Tanzania",TZA,-,-,695,1963,0,-,0,-,45
2019,"Turks and Caicos Islands",TCA,-,-,14,0,0,-,0,-,0
2019,Thailand,THA,-,-,173,3531,0,-,0,-,0
2019,Tibetan,TIB,-,-,12555,0,0,-,0,-,0
2019,Tajikistan,TJK,-,-,1987,2661,0,-,0,-,0
2019,Turkmenistan,TKM,-,-,478,576,0,-,0,-,0
2019,Timor-Leste,TLS,-,-,17,41,0,-,0,-,0
2019,Togo,TGO,-,-,8034,3380,0,-,0,-,0
2019,Tonga,TON,-,-,32,419,0,-,0,-,0
2019,"Trinidad and Tobago",TTO,-,-,307,408,0,-,0,-,200
2019,Tunisia,TUN,-,-,2068,2668,0,-,0,-,14
2019,Türkiye,TUR,-,-,83239,46941,0,-,0,-,57
2019,"United Arab Emirates",ARE,-,-,155,181,0,-,0,-,0
2019,Uganda,UGA,-,-,7301,11433,0,-,0,2304506,7
2019,"Unknown ",UNK,-,-,183117,122408,0,-,0,-,259641
2019,Ukraine,UKR,-,-,59844,27991,734000,-,0,-,1680257
2019,Uruguay,URY,-,-,15,311,0,-,0,-,0
2019,"United States of America",USA,-,-,297,2940,0,-,0,-,12
2019,Uzbekistan,UZB,-,-,3217,5002,0,-,0,-,0
2019,Vanuatu,VUT,-,-,0,75,0,-,0,-,0
2019,"Holy See",VAT,-,-,0,5,0,-,0,-,0
2019,"Saint Vincent and the Grenadines",VCT,-,-,979,77,0,-,0,-,0
2019,"Venezuela (Bolivarian Republic of)",VEN,-,-,93239,794491,0,3582202,0,-,494503
2019,Samoa,WSM,-,-,0,84,0,-,0,-,0
2019,"Western Sahara",ESH,-,-,116908,955,0,-,0,-,5
2019,Yemen,YEM,-,-,36522,34328,3625716,-,0,-,49
2019,Zambia,ZMB,-,-,259,459,0,-,0,-,5
2019,Zimbabwe,ZWE,-,-,10045,16177,270000,-,0,-,121
2020,Afghanistan,AFG,-,-,2594827,238791,2886317,-,0,-,87499
2020,Anguilla,AIA,-,-,0,5,0,-,0,-,0
2020,Albania,ALB,-,-,15523,17628,0,-,0,-,0
2020,Algeria,DZA,-,-,4571,7779,0,-,0,-,96
2020,Andorra,AND,-,-,0,5,0,-,0,-,0
2020,Angola,AGO,-,-,8196,12402,0,-,0,-,19041
2020,"Antigua and Barbuda",ATG,-,-,108,51,0,-,0,-,0
2020,Egypt,EGY,-,-,26553,16313,0,-,0,-,88
2020,Argentina,ARG,-,-,99,1189,0,-,0,-,5
2020,Armenia,ARM,-,-,10334,8850,0,-,0,-,0
2020,Australia,AUS,-,-,20,12,0,-,0,-,0
2020,Austria,AUT,-,-,18,0,0,-,0,-,0
2020,Azerbaijan,AZE,-,-,101468,6425,653921,-,0,-,0
2020,Bahrain,BHR,-,-,534,118,0,-,0,-,0
2020,Barbados,BRB,-,-,230,120,0,-,0,-,0
2020,Burundi,BDI,-,-,372951,50227,21863,-,0,-,17448
2020,Belgium,BEL,-,-,28,62,0,-,0,-,0
2020,Benin,BEN,-,-,606,1350,0,-,0,-,12
2020,Bangladesh,BGD,-,-,18948,64636,0,-,0,472000,1271
2020,Bahamas,BHS,-,-,534,695,0,-,0,-,0
2020,Bhutan,BTN,-,-,6741,411,0,-,0,-,0
2020,"Burkina Faso",BFA,-,-,15694,5110,1074993,-,0,-,3803
2020,Belarus,BLR,-,-,3139,4698,0,-,0,-,0
2020,"Bolivia (Plurinational State of)",BOL,-,-,535,1370,0,-,0,-,0
2020,Botswana,BWA,-,-,191,134,0,-,0,-,0
2020,Brazil,BRA,-,-,1548,16857,0,-,0,-,0
2020,"Brunei Darussalam",BRN,-,-,0,10,0,-,0,-,0
2020,"Bosnia and Herzegovina",BIH,-,-,15578,1358,96305,-,0,-,1128
2020,Bulgaria,BGR,-,-,510,350,0,-,0,-,5
2020,Belize,BLZ,-,-,68,314,0,-,0,-,0
2020,Cambodia,KHM,-,-,11862,916,0,-,0,-,0
2020,Canada,CAN,-,-,65,108,0,-,0,-,0
2020,"Central African Rep.",CAF,-,-,642161,13458,681930,-,0,-,1669
2020,"Cayman Islands",CYM,-,-,5,0,0,-,0,-,0
2020,Chad,TCD,-,-,10388,6224,336124,-,0,-,99842
2020,China,CHN,-,-,175361,108071,0,-,0,-,6
2020,Chile,CHL,-,-,659,2111,0,-,0,-,0
2020,Cameroon,CMR,-,-,78481,23013,1032942,-,0,-,5
2020,Congo,COG,-,-,12590,12836,134430,-,0,-,38
2020,"Dem. Rep. of the Congo",COD,-,-,840392,145372,5198131,-,0,-,14077
2020,Comoros,COM,-,-,748,2688,0,-,0,-,0
2020,Colombia,COL,-,-,189866,70917,8252788,-,0,741889,500013
2020,"Costa Rica",CRI,-,-,208,800,0,-,0,-,0
2020,Cuba,CUB,-,-,8912,62234,0,-,0,-,130
2020,"Curacao ",CUW,-,-,35,0,0,-,0,-,0
2020,"Cabo Verde",CPV,-,-,5,258,0,-,0,-,0
2020,Cyprus,CYP,-,-,0,19,0,-,0,-,0
2020,Czechia,CZE,-,-,1112,158,0,-,0,-,0
2020,Denmark,DNK,-,-,5,17,0,-,0,-,0
2020,Djibouti,DJI,-,-,2419,883,0,-,0,1301,0
2020,Dominica,DMA,-,-,55,74,0,-,0,-,0
2020,"Dominican Rep.",DOM,-,-,550,4244,0,-,0,-,0
2020,Ecuador,ECU,-,-,1689,22090,0,-,0,-,0
2020,"Equatorial Guinea",GNQ,-,-,145,193,0,-,0,-,0
2020,Eritrea,ERI,-,-,524738,72942,0,-,0,-,9703
2020,Estonia,EST,-,-,277,43,0,-,0,-,0
2020,Ethiopia,ETH,-,-,151426,125072,2733628,-,0,-,3925
2020,"French Guiana",GUF,-,-,0,27,0,-,0,-,0
2020,Fiji,FJI,-,-,516,2683,0,-,0,-,0
2020,France,FRA,-,-,49,175,0,-,0,-,0
2020,Gabon,GAB,-,-,454,1115,0,-,0,-,0
2020,Gambia,GMB,-,-,10579,7091,0,-,0,-,0
2020,Palestinian,PSE,-,-,100153,12456,0,-,0,-,969
2020,"United Kingdom of Great Britain and Northern Ireland",GBR,-,-,62,200,0,-,0,-,0
2020,Georgia,GEO,-,-,7346,15408,288538,-,0,-,0
2020,Germany,DEU,-,-,71,166,0,-,0,-,0
2020,Ghana,GHA,-,-,13844,10092,0,-,0,-,5
2020,Guadeloupe,GLP,-,-,0,86,0,-,0,-,0
2020,Guinea-Bissau,GNB,-,-,1638,2713,0,-,0,-,0
2020,Greece,GRC,-,-,90,122,0,-,0,-,0
2020,Grenada,GRD,-,-,70,81,0,-,0,-,0
2020,Guatemala,GTM,-,-,24544,146111,0,-,0,-,27264
2020,Guinea,GIN,-,-,26792,31566,0,-,0,-,0
2020,Guyana,GUY,-,-,267,708,0,-,0,-,0
2020,Haiti,HTI,-,-,25649,80225,0,-,0,-,130
2020,"China, Hong Kong SAR",HKG,-,-,15,487,0,-,0,-,0
2020,Honduras,HND,-,-,34456,148935,247090,-,0,-,115567
2020,Croatia,HRV,-,-,23451,58,0,-,0,-,3301
2020,Hungary,HUN,-,-,4617,602,0,-,0,-,0
2020,Iceland,ISL,-,-,5,0,0,-,0,-,0
2020,"Cote d'Ivoire",CIV,-,-,37525,34216,5394,-,0,-,31
2020,India,IND,-,-,12398,69959,0,-,0,-,269
2020,Indonesia,IDN,-,-,13029,4940,0,-,0,-,170
2020,Ireland,IRL,-,-,0,94,0,-,0,-,0
2020,"Iran (Islamic Rep. of)",IRN,-,-,135018,77229,0,-,0,-,532
2020,Iraq,IRQ,-,-,333200,272567,1224108,-,0,-,31258
2020,Israel,ISR,-,-,373,663,0,-,0,-,0
2020,Italy,ITA,-,-,62,471,0,-,0,-,0
2020,Jamaica,JAM,-,-,2526,1902,0,-,0,-,0
2020,Jordan,JOR,-,-,2486,4984,0,-,0,-,836
2020,Japan,JPN,-,-,40,121,0,-,0,-,0
2020,Kazakhstan,KAZ,-,-,2741,5978,0,-,0,-,0
2020,Kenya,KEN,-,-,7422,8959,0,-,0,44000,0
2020,Kyrgyzstan,KGZ,-,-,2883,2695,0,-,0,-,0
2020,"Rep. of Korea",KOR,-,-,146,723,0,-,0,-,0
2020,"Dem. People's Rep. of Korea",PRK,-,-,689,88,0,-,0,-,0
2020,Kuwait,KWT,-,-,1422,1415,0,-,0,-,15
2020,"Lao People's Dem. Rep.",LAO,-,-,6665,463,0,-,0,-,0
2020,Liberia,LBR,-,-,5195,3073,0,-,0,-,19
2020,Libya,LBY,-,-,17523,5440,278177,-,0,-,83
2020,"Saint Lucia",LCA,-,-,726,83,0,-,0,-,0
2020,Lebanon,LBN,-,-,5495,7964,0,-,0,-,4746
2020,Lesotho,LSO,-,-,6,38,0,-,0,-,0
2020,Liechtenstein,LIE,-,-,0,5,0,-,0,-,0
2020,"Sri Lanka",LKA,-,-,142664,15061,25013,-,0,-,0
2020,Lithuania,LTU,-,-,58,78,0,-,0,-,0
2020,Luxembourg,LUX,-,-,5,0,0,-,0,-,0
2020,Latvia,LVA,-,-,143,92,0,-,0,-,0
2020,"China, Macao SAR",MAC,-,-,0,44,0,-,0,-,0
2020,Madagascar,MDG,-,-,268,338,0,-,0,-,0
2020,Martinique,MTQ,-,-,0,5,0,-,0,-,0
2020,Mauritania,MRT,-,-,37931,9252,0,-,0,-,0
2020,"North Macedonia",MKD,-,-,1576,1715,0,-,0,-,10
2020,"Rep. of Moldova",MDA,-,-,2206,5510,0,-,0,-,0
2020,Maldives,MDV,-,-,78,23,0,-,0,-,0
2020,Mexico,MEX,-,-,15398,111728,0,-,0,-,0
2020,"Marshall Islands",MHL,-,-,7,50,0,-,0,-,0
2020,Mali,MLI,-,-,164588,11131,332957,-,0,-,5
2020,Malaysia,MYS,-,-,1058,21474,0,-,0,-,0
2020,Malawi,MWI,-,-,514,2168,0,-,0,-,0
2020,Montenegro,MNE,-,-,530,634,0,-,0,-,0
2020,Mongolia,MNG,-,-,2277,4127,0,-,0,-,8
2020,Morocco,MAR,-,-,4467,8239,0,-,0,-,402
2020,Mozambique,MOZ,-,-,81,8674,668038,-,0,-,0
2020,Malta,MLT,-,-,5,10,0,-,0,-,0
2020,Mauritius,MUS,-,-,176,338,0,-,0,-,0
2020,Myanmar,MMR,-,-,1103245,40207,370320,-,0,-,151
2020,Namibia,NAM,-,-,457,841,0,-,0,-,0
2020,Nepal,NPL,-,-,7483,10309,0,-,0,-,396
2020,"Netherlands (Kingdom of the)",NLD,-,-,51,83,0,-,0,-,0
2020,Niger,NER,-,-,18853,4105,298458,-,0,-,34324
2020,Nicaragua,NIC,-,-,8701,62085,0,-,0,-,1665
2020,Nigeria,NGA,-,-,352960,73233,2610278,-,0,-,8
2020,Niue,NIU,-,-,18,7,0,-,0,-,0
2020,Norway,NOR,-,-,5,15,0,-,0,-,0
2020,Nauru,NRU,-,-,5,16,0,-,0,-,0
2020,"New Zealand",NZL,-,-,35,32,0,-,0,-,0
2020,Oman,OMN,-,-,47,70,0,-,0,-,974
2020,Pakistan,PAK,-,-,133280,61429,98898,-,0,-,2735
2020,Panama,PAN,-,-,70,315,0,-,0,-,0
2020,Paraguay,PRY,-,-,119,868,0,-,0,-,0
2020,Peru,PER,-,-,2834,10583,0,-,0,500353,0
2020,Philippines,PHL,-,-,469,4989,150368,-,0,-,129467
2020,"Papua New Guinea",PNG,-,-,510,650,14000,-,0,-,0
2020,Poland,POL,-,-,910,1052,0,-,0,-,0
2020,Portugal,PRT,-,-,27,360,0,-,0,-,0
2020,Qatar,QAT,-,-,33,38,0,-,0,-,0
2020,Romania,ROU,-,-,1343,3720,0,-,0,-,0
2020,"South Africa",ZAF,-,-,474,3230,0,-,0,-,6
2020,"Russian Federation",RUS,-,-,52742,44399,0,-,0,-,0
2020,Rwanda,RWA,-,-,245781,16648,0,-,0,8165,15611
2020,"El Salvador",SLV,-,-,45640,149542,71500,-,0,-,20226
2020,"Saudi Arabia",SAU,-,-,2003,1249,0,-,0,-,26
2020,Senegal,SEN,-,-,13986,15786,0,-,0,-,0
2020,Seychelles,SYC,-,-,10,5,0,-,0,-,0
2020,Singapore,SGP,-,-,37,74,0,-,0,-,0
2020,"Sierra Leone",SLE,-,-,5734,8384,0,-,0,-,0
2020,"Solomon Islands",SLB,-,-,37,267,0,-,0,-,0
2020,Somalia,SOM,-,-,812356,53824,2967500,-,0,-,34
2020,Spain,ESP,-,-,52,294,0,-,0,-,0
2020,"Serbia and Kosovo: S/RES/1244 (1999)",SRB,-,-,29976,7105,213018,-,0,-,139
2020,"Viet Nam",VNM,-,-,316728,9440,0,-,0,-,68
2020,"South Sudan",SSD,-,-,2188785,4858,1600254,-,0,250000,56
2020,Stateless,XXA,-,-,53725,5565,0,-,4179349,-,13806
2020,"Saint Kitts and Nevis",KNA,-,-,54,18,0,-,0,-,0
2020,"Sao Tome and Principe",STP,-,-,28,23,0,-,0,-,0
2020,Sudan,SDN,-,-,787823,70049,2552174,-,0,-,158
2020,Suriname,SUR,-,-,17,146,0,-,0,-,0
2020,Slovakia,SVK,-,-,1368,209,0,-,0,-,0
2020,Slovenia,SVN,-,-,17,5,0,-,0,-,0
2020,Eswatini,SWZ,-,-,198,81,0,-,0,-,0
2020,Sweden,SWE,-,-,8,35,0,-,0,-,0
2020,Switzerland,CHE,-,-,5,16,0,-,0,-,0
2020,"Syrian Arab Rep.",SYR,-,-,6702910,107085,6701972,-,0,-,7821
2020,"United Rep. of Tanzania",TZA,-,-,689,1900,0,-,0,-,35
2020,"Turks and Caicos Islands",TCA,-,-,14,5,0,-,0,-,0
2020,Thailand,THA,-,-,174,3760,0,-,0,-,0
2020,Tibetan,TIB,-,-,12561,0,0,-,0,-,7
2020,Tajikistan,TJK,-,-,2219,2459,0,-,0,-,0
2020,Turkmenistan,TKM,-,-,498,585,0,-,0,-,0
2020,Timor-Leste,TLS,-,-,11,324,0,-,0,-,0
2020,Togo,TGO,-,-,7704,3330,0,-,0,-,0
2020,Tonga,TON,-,-,31,731,0,-,0,-,0
2020,"Trinidad and Tobago",TTO,-,-,295,414,0,-,0,-,393
2020,Tunisia,TUN,-,-,1636,2829,0,-,0,-,11
2020,Türkiye,TUR,-,-,93730,44517,0,-,0,-,27
2020,"United Arab Emirates",ARE,-,-,181,181,0,-,0,-,0
2020,Uganda,UGA,-,-,7442,11742,0,-,0,2351313,7
2020,"Unknown ",UNK,-,-,184067,108800,0,-,0,-,34456
2020,Ukraine,UKR,-,-,35156,21426,734000,-,0,-,1620005
2020,Uruguay,URY,-,-,15,435,0,-,0,-,0
2020,"United States of America",USA,-,-,349,2491,0,-,0,-,7
2020,Uzbekistan,UZB,-,-,3112,5171,0,-,0,-,0
2020,Vanuatu,VUT,-,-,0,158,0,-,0,-,0
2020,"Holy See",VAT,-,-,0,12,0,-,0,-,0
2020,"Saint Vincent and the Grenadines",VCT,-,-,742,38,0,-,0,-,0
2020,"Venezuela (Bolivarian Republic of)",VEN,-,-,171112,851265,0,3862102,0,-,1112517
2020,Samoa,WSM,-,-,0,133,0,-,0,-,0
2020,"Western Sahara",ESH,-,-,116925,1038,0,-,0,-,5
2020,Yemen,YEM,-,-,32433,34870,4002012,-,0,-,28
2020,Zambia,ZMB,-,-,252,475,0,-,0,-,5
2020,Zimbabwe,ZWE,-,-,8575,14614,0,-,0,-,132
2021,Aruba,ABW,-,-,0,0,0,-,0,6000,0
2021,Afghanistan,AFG,-,-,2712869,262860,3457744,-,0,494710,93827
2021,Anguilla,AIA,-,-,0,5,0,-,0,-,0
2021,Albania,ALB,-,-,19847,22331,0,-,0,-,0
2021,Algeria,DZA,-,-,6003,6871,0,-,0,-,33
2021,Andorra,AND,-,-,0,5,0,-,0,-,0
2021,Angola,AGO,-,-,11403,12692,0,-,0,-,19792
2021,"Antigua and Barbuda",ATG,-,-,105,55,0,-,0,-,0
2021,Egypt,EGY,-,-,27498,21016,0,-,0,-,82
2021,Argentina,ARG,-,-,124,1774,0,-,0,-,5
2021,Armenia,ARM,-,-,12255,9291,0,-,0,-,0
2021,Australia,AUS,-,-,16,21,0,-,0,-,0
2021,Austria,AUT,-,-,23,5,0,-,0,-,0
2021,Azerbaijan,AZE,-,-,39478,5235,654839,-,0,-,0
2021,Bahrain,BHR,-,-,416,137,0,-,0,-,0
2021,Barbados,BRB,-,-,265,91,0,-,0,-,0
2021,Burundi,BDI,-,-,323635,52171,19176,-,0,-,5156
2021,Belgium,BEL,-,-,29,89,0,-,0,-,5
2021,Benin,BEN,-,-,730,1382,0,-,0,-,0
2021,Bangladesh,BGD,-,-,22672,65495,0,-,0,174850,507
2021,Bahamas,BHS,-,-,736,658,0,-,0,-,0
2021,Bhutan,BTN,-,-,6702,487,0,-,0,-,0
2021,"Burkina Faso",BFA,-,-,20209,5585,1579976,-,0,-,13079
2021,Belarus,BLR,-,-,4632,6799,0,-,0,-,0
2021,"Bolivia (Plurinational State of)",BOL,-,-,549,1830,0,-,0,-,0
2021,Botswana,BWA,-,-,122,213,0,-,0,-,0
2021,Brazil,BRA,-,-,1954,26440,0,-,0,26596,0
2021,"Brunei Darussalam",BRN,-,-,0,5,0,-,0,-,0
2021,"Bosnia and Herzegovina",BIH,-,-,18189,1631,96305,-,0,-,181
2021,Bulgaria,BGR,-,-,455,340,0,-,0,-,5
2021,Belize,BLZ,-,-,81,369,0,-,0,-,0
2021,Cambodia,KHM,-,-,12072,893,0,-,0,-,0
2021,Canada,CAN,-,-,60,126,0,-,0,-,0
2021,"Central African Rep.",CAF,-,-,737658,14283,691791,-,0,-,2284
2021,"Cayman Islands",CYM,-,-,5,0,0,-,0,-,0
2021,Chad,TCD,-,-,11771,7572,406573,-,0,-,107029
2021,China,CHN,-,-,170222,118476,0,-,0,-,10
2021,Chile,CHL,-,-,987,9058,0,-,0,-,0
2021,Cameroon,CMR,-,-,125477,22151,933138,-,0,-,22
2021,Congo,COG,-,-,14253,12795,134430,-,0,-,84
2021,"Dem. Rep. of the Congo",COD,-,-,908401,148099,5407840,-,0,-,15343
2021,Comoros,COM,-,-,1670,1833,0,-,0,-,0
2021,Colombia,COL,-,-,115792,80705,6766002,-,0,741889,504338
2021,"Costa Rica",CRI,-,-,235,989,0,-,0,1863,0
2021,Cuba,CUB,-,-,11534,71590,0,-,0,-,13664
2021,"Curacao ",CUW,-,-,35,0,0,-,0,5226,0
2021,"Cabo Verde",CPV,-,-,10,273,0,-,0,-,0
2021,Cyprus,CYP,-,-,5,15,0,-,0,-,0
2021,Czechia,CZE,-,-,758,161,0,-,0,-,0
2021,Denmark,DNK,-,-,8,25,0,-,0,-,0
2021,Djibouti,DJI,-,-,2607,994,0,-,0,1301,0
2021,Dominica,DMA,-,-,54,124,0,-,0,-,0
2021,"Dominican Rep.",DOM,-,-,635,4642,0,-,0,-,0
2021,Ecuador,ECU,-,-,1825,27286,0,-,0,-,0
2021,"Equatorial Guinea",GNQ,-,-,168,235,0,-,0,-,0
2021,Eritrea,ERI,-,-,511911,77188,0,-,0,-,10538
2021,Estonia,EST,-,-,271,48,0,-,0,-,0
2021,Ethiopia,ETH,-,-,149130,139211,3646267,-,0,84953,3918
2021,"French Guiana",GUF,-,-,0,96,0,-,0,-,0
2021,Fiji,FJI,-,-,414,2997,0,-,0,-,0
2021,Finland,FIN,-,-,5,0,0,-,0,-,0
2021,France,FRA,-,-,38,279,0,-,0,-,0
2021,Gabon,GAB,-,-,620,902,0,-,0,-,0
2021,Gambia,GMB,-,-,11042,5731,0,-,0,-,59
2021,Palestinian,PSE,-,-,103581,9645,0,-,0,-,1109
2021,"United Kingdom of Great Britain and Northern Ireland",GBR,-,-,101,277,0,-,0,-,0
2021,Georgia,GEO,-,-,9754,16648,290156,-,0,-,0
2021,Germany,DEU,-,-,59,248,0,-,0,-,0
2021,Ghana,GHA,-,-,14251,9177,0,-,0,-,17
2021,Guadeloupe,GLP,-,-,0,88,0,-,0,-,0
2021,Guinea-Bissau,GNB,-,-,2039,2546,0,-,0,-,0
2021,Greece,GRC,-,-,87,171,0,-,0,-,0
2021,Grenada,GRD,-,-,52,97,0,-,0,-,0
2021,Guatemala,GTM,-,-,26927,160428,0,-,0,406161,149455
2021,Guinea,GIN,-,-,34403,26458,0,-,0,-,140
2021,Guyana,GUY,-,-,285,856,0,-,0,5892,0
2021,Haiti,HTI,-,-,29454,135565,0,-,0,-,19385
2021,"China, Hong Kong SAR",HKG,-,-,96,816,0,-,0,-,0
2021,Honduras,HND,-,-,51687,169994,247090,-,0,-,48926
2021,Croatia,HRV,-,-,18083,51,0,-,0,-,214
2021,Hungary,HUN,-,-,4653,608,0,-,0,-,0
2021,Iceland,ISL,-,-,5,7,0,-,0,-,0
2021,"Cote d'Ivoire",CIV,-,-,39940,32608,0,-,0,-,152
2021,India,IND,-,-,14230,78360,0,-,0,-,255
2021,Indonesia,IDN,-,-,13962,5872,0,-,0,-,276
2021,Ireland,IRL,-,-,5,141,0,-,0,-,0
2021,"Iran (Islamic Rep. of)",IRN,-,-,142994,68940,0,-,0,-,287
2021,Iraq,IRQ,-,-,343899,254454,1186556,-,0,-,30456
2021,Israel,ISR,-,-,453,807,0,-,0,-,0
2021,Italy,ITA,-,-,61,639,0,-,0,-,0
2021,Jamaica,JAM,-,-,2419,2305,0,-,0,-,0
2021,Jordan,JOR,-,-,2981,5795,0,-,0,-,873
2021,Japan,JPN,-,-,39,134,0,-,0,-,0
2021,Kazakhstan,KAZ,-,-,3198,5925,0,-,0,-,0
2021,Kenya,KEN,-,-,7529,9727,0,-,0,154150,5
2021,Kyrgyzstan,KGZ,-,-,3035,2785,0,-,0,-,0
2021,Kiribati,KIR,-,-,0,5,0,-,0,-,0
2021,"Rep. of Korea",KOR,-,-,117,893,0,-,0,-,0
2021,"Dem. People's Rep. of Korea",PRK,-,-,528,108,0,-,0,-,0
2021,Kuwait,KWT,-,-,1702,1857,0,-,0,-,5
2021,"Lao People's Dem. Rep.",LAO,-,-,6778,474,0,-,0,-,0
2021,Liberia,LBR,-,-,5384,3090,0,-,0,-,46
2021,Libya,LBY,-,-,19090,5717,179047,-,0,-,50
2021,"Saint Lucia",LCA,-,-,457,91,0,-,0,-,0
2021,Lebanon,LBN,-,-,6061,8873,0,-,0,-,11663
2021,Lesotho,LSO,-,-,6,41,0,-,0,-,0
2021,Liechtenstein,LIE,-,-,5,5,0,-,0,-,0
2021,"Sri Lanka",LKA,-,-,151112,12209,8767,-,0,-,16
2021,Lithuania,LTU,-,-,54,114,0,-,0,-,0
2021,Latvia,LVA,-,-,122,120,0,-,0,-,0
2021,"China, Macao SAR",MAC,-,-,0,34,0,-,0,-,0
2021,Madagascar,MDG,-,-,425,373,0,-,0,-,10
2021,Mauritania,MRT,-,-,39279,8705,0,-,0,-,0
2021,"North Macedonia",MKD,-,-,1842,3982,116,-,0,-,5
2021,"Rep. of Moldova",MDA,-,-,2190,6881,0,-,0,-,0
2021,Maldives,MDV,-,-,80,21,0,-,0,-,0
2021,Mexico,MEX,-,-,16403,117936,0,-,0,-,0
2021,"Marshall Islands",MHL,-,-,7,0,0,-,0,-,0
2021,Mali,MLI,-,-,183392,24287,350110,-,0,-,26
2021,Malaysia,MYS,-,-,1182,20855,0,-,0,-,0
2021,Malawi,MWI,-,-,513,2018,0,-,0,-,0
2021,Montenegro,MNE,-,-,623,809,0,-,0,-,0
2021,Mongolia,MNG,-,-,2508,4673,0,-,0,-,5
2021,Morocco,MAR,-,-,5385,12632,0,-,0,-,99
2021,Mozambique,MOZ,-,-,90,8720,744949,-,0,-,9
2021,Malta,MLT,-,-,7,5,0,-,0,-,0
2021,Mauritius,MUS,-,-,198,351,0,-,0,-,0
2021,Myanmar,MMR,-,-,1177327,43878,671011,-,0,-,198
2021,Namibia,NAM,-,-,441,915,0,-,0,-,40
2021,Nepal,NPL,-,-,7029,11329,0,-,0,-,363
2021,"Netherlands (Kingdom of the)",NLD,-,-,58,93,0,-,0,-,0
2021,Niger,NER,-,-,21901,2686,224016,-,0,-,37305
2021,Nicaragua,NIC,-,-,11041,164019,0,-,0,-,29390
2021,Nigeria,NGA,-,-,383660,83105,3084916,-,0,-,18
2021,Niue,NIU,-,-,11,0,0,-,0,-,0
2021,Norway,NOR,-,-,5,23,0,-,0,-,0
2021,Nauru,NRU,-,-,5,16,0,-,0,-,0
2021,"New Zealand",NZL,-,-,33,69,0,-,0,-,0
2021,Oman,OMN,-,-,53,71,0,-,0,-,783
2021,Pakistan,PAK,-,-,132818,56687,98898,-,0,1224393,6344
2021,Panama,PAN,-,-,118,512,0,-,0,14521,0
2021,Paraguay,PRY,-,-,125,1102,0,-,0,-,0
2021,Peru,PER,-,-,3521,9046,0,-,0,500353,0
2021,Philippines,PHL,-,-,521,5525,105214,-,0,-,183651
2021,"Papua New Guinea",PNG,-,-,507,636,24000,-,0,-,0
2021,Poland,POL,-,-,887,1056,0,-,0,-,0
2021,Portugal,PRT,-,-,26,439,0,-,0,-,0
2021,Qatar,QAT,-,-,47,35,0,-,0,-,0
2021,Romania,ROU,-,-,1417,4452,0,-,0,-,0
2021,"South Africa",ZAF,-,-,643,3556,0,-,0,-,6
2021,"Russian Federation",RUS,-,-,68547,42959,0,-,0,-,0
2021,Rwanda,RWA,-,-,248219,23523,0,-,0,8165,13564
2021,"El Salvador",SLV,-,-,52041,153246,71500,-,0,391,55583
2021,"Saudi Arabia",SAU,-,-,2167,1541,0,-,0,-,32
2021,Senegal,SEN,-,-,15129,17466,0,-,0,-,0
2021,Seychelles,SYC,-,-,14,0,0,-,0,-,0
2021,Singapore,SGP,-,-,34,100,0,-,0,-,0
2021,"Sierra Leone",SLE,-,-,6615,5685,0,-,0,-,5
2021,"Solomon Islands",SLB,-,-,38,314,1000,-,0,-,0
2021,Somalia,SOM,-,-,776678,59605,2967500,-,0,-,47
2021,Spain,ESP,-,-,55,423,0,-,0,-,0
2021,"Serbia and Kosovo: S/RES/1244 (1999)",SRB,-,-,31735,6708,211823,-,0,-,138
2021,"Viet Nam",VNM,-,-,317737,10345,0,-,0,-,68
2021,"South Sudan",SSD,-,-,2362759,5037,2017236,-,0,250000,74
2021,Stateless,XXA,-,-,56534,5191,0,-,4337409,-,16192
2021,"Saint Kitts and Nevis",KNA,-,-,47,32,0,-,0,-,0
2021,"Sao Tome and Principe",STP,-,-,6,25,0,-,0,-,0
2021,Sudan,SDN,-,-,825290,75164,3036590,-,0,-,301
2021,Suriname,SUR,-,-,22,118,0,-,0,-,0
2021,Slovakia,SVK,-,-,1426,171,0,-,0,-,0
2021,Slovenia,SVN,-,-,17,10,0,-,0,-,0
2021,Eswatini,SWZ,-,-,165,80,0,-,0,-,10
2021,Sweden,SWE,-,-,9,43,0,-,0,-,0
2021,Switzerland,CHE,-,-,0,21,0,-,0,-,0
2021,"Syrian Arab Rep.",SYR,-,-,6848865,139754,6865308,-,0,-,3132
2021,"United Rep. of Tanzania",TZA,-,-,752,1841,0,-,0,-,33
2021,"Turks and Caicos Islands",TCA,-,-,14,5,0,-,0,-,0
2021,Thailand,THA,-,-,181,3230,0,-,0,-,0
2021,Tibetan,TIB,-,-,12593,0,0,-,0,-,0
2021,Tajikistan,TJK,-,-,2412,2023,0,-,0,-,0
2021,Turkmenistan,TKM,-,-,563,722,0,-,0,-,0
2021,Timor-Leste,TLS,-,-,11,368,0,-,0,-,0
2021,Togo,TGO,-,-,7985,2984,0,-,0,-,25
2021,Tonga,TON,-,-,28,816,0,-,0,-,0
2021,"Trinidad and Tobago",TTO,-,-,285,508,0,-,0,4605,590
2021,Tunisia,TUN,-,-,2201,4012,0,-,0,-,9
2021,Türkiye,TUR,-,-,105019,46327,0,-,0,-,122
2021,"United Arab Emirates",ARE,-,-,160,215,0,-,0,-,0
2021,Uganda,UGA,-,-,7887,11824,0,-,0,2428906,10
2021,"Unknown ",UNK,-,-,100632,53367,0,-,0,196208,7439
2021,Ukraine,UKR,-,-,27562,19426,854000,-,0,-,1424805
2021,Uruguay,URY,-,-,45,648,0,-,0,-,0
2021,"United States of America",USA,-,-,426,1662,0,-,0,-,6
2021,Uzbekistan,UZB,-,-,3014,4946,0,-,0,-,0
2021,Vanuatu,VUT,-,-,0,172,0,-,0,-,0
2021,"Holy See",VAT,-,-,0,12,0,-,0,-,0
2021,"Saint Vincent and the Grenadines",VCT,-,-,467,85,0,-,0,-,0
2021,"Venezuela (Bolivarian Republic of)",VEN,-,-,199202,971106,0,4406409,0,-,1389980
2021,Samoa,WSM,-,-,5,160,0,-,0,-,0
2021,"Western Sahara",ESH,-,-,117041,689,0,-,0,-,5
2021,Yemen,YEM,-,-,37615,35462,4288739,-,0,-,23
2021,Zambia,ZMB,-,-,255,489,0,-,0,-,5
2021,Zimbabwe,ZWE,-,-,8115,13513,0,-,0,-,137
